conditions,english,translation,status,description,translator_note,placeholders,entry_id,row_id,kind,previous_translation,source_locations,source_revision
disclosure.tideCount.plural=other,{tide_count} Tides,,missing,"Visible Pool Viewer disclosure summary showing the number of Tides used to construct the pool. tide_count is a visible nonnegative safe integer, can be zero in synthetic or incomplete data, and governs Tide number grammar.",,tide_count,tx1_4r7vbijoelukpvbblnbstuel5q,row1_b4zry4cuzzjtamn3rpuhhkatvi,message,,src/cumulus/screens/PoolViewerScreen.tsx:258:25,rev1_8df022b890a9541c5a408da92d69b3aac1128eed83b37e4fa723c2ffb5f297f7
viewer_context.select[2]=otherwise,Pool Viewer,,missing,Visible Pool Viewer heading. The context selector distinguishes the floating Battle inspector from the Journey utility overlay.,,,tx1_5h52vusibknccni7hyvzmt5gke,row1_mdkjby26hhy3i7hcfxghmz2osu,message,,src/cumulus/screens/PoolViewerScreen.tsx:299:26,rev1_2f4dd95d12da2a7cdac00d12ce85fd6918e22fbfc36f739ddde3ff1d63a69753
"viewer_context.select[0]=""battle""",Battle Pool Viewer,,missing,Visible Pool Viewer heading. The context selector distinguishes the floating Battle inspector from the Journey utility overlay.,,,tx1_5h52vusibknccni7hyvzmt5gke,row1_ycqpcdznpdx32r6mr6imwpfwda,message,,src/cumulus/screens/PoolViewerScreen.tsx:299:26,rev1_7be7dd814dd909afb87998ad0830bea2c93617916aee28b542d35526ad70a595
"viewer_context.select[1]=""pool""",Pool Viewer,,missing,Visible Pool Viewer heading. The context selector distinguishes the floating Battle inspector from the Journey utility overlay.,,,tx1_5h52vusibknccni7hyvzmt5gke,row1_2wlzz4qx4jurkcotoddticdsyq,message,,src/cumulus/screens/PoolViewerScreen.tsx:299:26,rev1_ce416629acbaa3f050fd0f2d61cfdb10b73f6ea1dc64e19e347f0b8b90bcf10c
sort_field.select[6]=otherwise,Spark,,missing,"Compact visible Pool Viewer sort-field option. The sort selector is a stable card-property key: name, authored card number, Energy cost, card type, authored subtype, or Spark; the fallback preserves the existing label for an unrecognized future key.",,,tx1_5p3n2p63yh46gf5pqqyzhj63zu,row1_knumim2epgcx572twcxk2fopwe,message,,src/cumulus/screens/PoolViewerScreen.tsx:329:52,rev1_0610f7a417bb73392a3a6e9976ba0f1fa63919b4da300b529dc94f6ccf69eb62
"sort_field.select[0]=""sort-name""",Name,,missing,"Compact visible Pool Viewer sort-field option. The sort selector is a stable card-property key: name, authored card number, Energy cost, card type, authored subtype, or Spark; the fallback preserves the existing label for an unrecognized future key.",,,tx1_5p3n2p63yh46gf5pqqyzhj63zu,row1_jkrtsderjsps4gtftgjdsfeuse,message,,src/cumulus/screens/PoolViewerScreen.tsx:329:52,rev1_5f5846003c93a0c2656c3b6991b5176180de76aadaf960bc81a8833bf13a2ea1
"sort_field.select[1]=""sort-card-number""",Number,,missing,"Compact visible Pool Viewer sort-field option. The sort selector is a stable card-property key: name, authored card number, Energy cost, card type, authored subtype, or Spark; the fallback preserves the existing label for an unrecognized future key.",,,tx1_5p3n2p63yh46gf5pqqyzhj63zu,row1_e3yzs3rwghahorropunsboebxm,message,,src/cumulus/screens/PoolViewerScreen.tsx:329:52,rev1_a3a17e58186e9bfa79f7c7201f80227b91aaa45d36c61d658751ee606e8a5416
"sort_field.select[2]=""sort-cost""",Cost,,missing,"Compact visible Pool Viewer sort-field option. The sort selector is a stable card-property key: name, authored card number, Energy cost, card type, authored subtype, or Spark; the fallback preserves the existing label for an unrecognized future key.",,,tx1_5p3n2p63yh46gf5pqqyzhj63zu,row1_lylz3oe6p6zkccj3fsdyt5dcaa,message,,src/cumulus/screens/PoolViewerScreen.tsx:329:52,rev1_d8d88e224cd8010b683b21fec3b88a64ff5276ec91a2dcf1cc6215f684212d2f
"sort_field.select[3]=""sort-type""",Type,,missing,"Compact visible Pool Viewer sort-field option. The sort selector is a stable card-property key: name, authored card number, Energy cost, card type, authored subtype, or Spark; the fallback preserves the existing label for an unrecognized future key.",,,tx1_5p3n2p63yh46gf5pqqyzhj63zu,row1_h2pczymbcmguby5hwu2uo7fjzu,message,,src/cumulus/screens/PoolViewerScreen.tsx:329:52,rev1_54af0b934ef1793b03742c59dfdceee903a066a80bb3dd324b8133cf1b3243d6
"sort_field.select[4]=""sort-subtype""",Subtype,,missing,"Compact visible Pool Viewer sort-field option. The sort selector is a stable card-property key: name, authored card number, Energy cost, card type, authored subtype, or Spark; the fallback preserves the existing label for an unrecognized future key.",,,tx1_5p3n2p63yh46gf5pqqyzhj63zu,row1_icgedqynhqmenhy3j2kakogmfm,message,,src/cumulus/screens/PoolViewerScreen.tsx:329:52,rev1_8502ce0656532eff2165d395a07bc45752978842d8caeca026c71eab5d4c8d92
"sort_field.select[5]=""sort-spark""",Spark,,missing,"Compact visible Pool Viewer sort-field option. The sort selector is a stable card-property key: name, authored card number, Energy cost, card type, authored subtype, or Spark; the fallback preserves the existing label for an unrecognized future key.",,,tx1_5p3n2p63yh46gf5pqqyzhj63zu,row1_kpbtw7n7ceovarc5b3zlymtlai,message,,src/cumulus/screens/PoolViewerScreen.tsx:329:52,rev1_6bbc36ccc4d97232d9fd8ed0ab5b992d0b0bc1cb50d1479d483a731632203abb
source.select[4]=otherwise,Pick History,,missing,"Visible Pool Viewer source-tab label. The source selector is the closed collection kind: run is the current remaining draft pool, tides is the Tide construction input, catalog is the full card catalog, and signature is the Dream Avatar's authored signature cards. The fallback preserves the existing label for an unrecognized future source.",,,tx1_6ypb723kv7bj3zq4esoekyo6wi,row1_2cw7elclbi6zfhl2x6djgqmcby,message,,src/cumulus/screens/PoolViewerScreen.tsx:127:20,rev1_bf8656a4478414509d8a0ef67d79595f0553f711baf5f70ca9a8d71a6126d20a
"source.select[0]=""run""",Run Pool,,missing,"Visible Pool Viewer source-tab label. The source selector is the closed collection kind: run is the current remaining draft pool, tides is the Tide construction input, catalog is the full card catalog, and signature is the Dream Avatar's authored signature cards. The fallback preserves the existing label for an unrecognized future source.",,,tx1_6ypb723kv7bj3zq4esoekyo6wi,row1_pp7gno4wcbqoai2r2qbqersh7a,message,,src/cumulus/screens/PoolViewerScreen.tsx:127:20,rev1_c606b3d908eef5fbf47cbcae6ad85c3030cbb1a1a2ccdff3eda0fb38e283a964
"source.select[1]=""tides""",Tide Decks,,missing,"Visible Pool Viewer source-tab label. The source selector is the closed collection kind: run is the current remaining draft pool, tides is the Tide construction input, catalog is the full card catalog, and signature is the Dream Avatar's authored signature cards. The fallback preserves the existing label for an unrecognized future source.",,,tx1_6ypb723kv7bj3zq4esoekyo6wi,row1_ur4b5r3shaqfbqd7wilvn7azeq,message,,src/cumulus/screens/PoolViewerScreen.tsx:127:20,rev1_ee93e1b51d6bbd6894177e3515374d446ec919662882d6fcab9117146c6db812
"source.select[2]=""catalog""",All Cards,,missing,"Visible Pool Viewer source-tab label. The source selector is the closed collection kind: run is the current remaining draft pool, tides is the Tide construction input, catalog is the full card catalog, and signature is the Dream Avatar's authored signature cards. The fallback preserves the existing label for an unrecognized future source.",,,tx1_6ypb723kv7bj3zq4esoekyo6wi,row1_sntzz736wtpthtrvjea4c4a3ne,message,,src/cumulus/screens/PoolViewerScreen.tsx:127:20,rev1_d96abf1620aa62a147c5ba877f26b37eb6b08d1698620a5aff763314a994c41c
"source.select[3]=""signature""",Signature Cards,,missing,"Visible Pool Viewer source-tab label. The source selector is the closed collection kind: run is the current remaining draft pool, tides is the Tide construction input, catalog is the full card catalog, and signature is the Dream Avatar's authored signature cards. The fallback preserves the existing label for an unrecognized future source.",,,tx1_6ypb723kv7bj3zq4esoekyo6wi,row1_pw5zj377ci4f722jl4q6txroni,message,,src/cumulus/screens/PoolViewerScreen.tsx:127:20,rev1_6b55038f514206176d9db2f531e8f2155add6ab7bff6845e4f0678a900f3a8ef
selected_source.select[4]=otherwise,The replay record has no pick history.,,missing,Visible Pool Viewer empty-state sentence. The source selector identifies the selected semantic collection and determines why it is empty; the fallback preserves the existing explanation for an unrecognized future source.,,,tx1_f3xukguoqrihmzxloj2dy6wt5a,row1_fam5j56hyrtwrq2sxgnwbjp55e,message,,src/cumulus/screens/PoolViewerScreen.tsx:138:30,rev1_2218bdf2fbf7395d732070b35374b3bf9610bedb97d3d281f0064aaf6f43389f
"selected_source.select[0]=""run""",No run pool cards are available.,,missing,Visible Pool Viewer empty-state sentence. The source selector identifies the selected semantic collection and determines why it is empty; the fallback preserves the existing explanation for an unrecognized future source.,,,tx1_f3xukguoqrihmzxloj2dy6wt5a,row1_sarremauej6gistexhlgnijw4i,message,,src/cumulus/screens/PoolViewerScreen.tsx:138:30,rev1_7356873b20901661cfa6a2e38c498a73692a87300bd87ade4fe1e720a4732a0a
"selected_source.select[1]=""tides""",This run has no Tide decks.,,missing,Visible Pool Viewer empty-state sentence. The source selector identifies the selected semantic collection and determines why it is empty; the fallback preserves the existing explanation for an unrecognized future source.,,,tx1_f3xukguoqrihmzxloj2dy6wt5a,row1_ycmlmuhruthykptfjsq4hfel3e,message,,src/cumulus/screens/PoolViewerScreen.tsx:138:30,rev1_83be10fe6bd9fe7ecb3dd68149bc1ad1c579aa131bde40ec286956b8b0833c38
"selected_source.select[2]=""catalog""",No cards match the current filters.,,missing,Visible Pool Viewer empty-state sentence. The source selector identifies the selected semantic collection and determines why it is empty; the fallback preserves the existing explanation for an unrecognized future source.,,,tx1_f3xukguoqrihmzxloj2dy6wt5a,row1_67lpaqzpqzjxeyivmspbrfkwui,message,,src/cumulus/screens/PoolViewerScreen.tsx:138:30,rev1_c83018875790cd764b8e0245fc3e36fcb3f6099d1181820da3ea177642a19c8c
"selected_source.select[3]=""signature""",This avatar has no signature cards.,,missing,Visible Pool Viewer empty-state sentence. The source selector identifies the selected semantic collection and determines why it is empty; the fallback preserves the existing explanation for an unrecognized future source.,,,tx1_f3xukguoqrihmzxloj2dy6wt5a,row1_oysdrnfcm2vzlw2ri6gmz5vywm,message,,src/cumulus/screens/PoolViewerScreen.tsx:138:30,rev1_37015b94b4b736bc2854a38d25676638dcf174d48033fc52faa0bcefe84f2ce6
,All subtypes,,missing,Visible Pool Viewer subtype option that clears the authored Character-subtype filter.,,,tx1_gdtlycntxllxzgbv74oqktnsr4,row1_5yuk2dumq3ncmfaaeew4eohyyi,message,,src/cumulus/screens/PoolViewerScreen.tsx:205:49,rev1_1256a10bf68bbcad160191f472a3e330c401cdccb07549f9d36d461f58082053
,Tide provenance,,missing,Visible title of the Pool Viewer disclosure explaining which Tides constructed the run pool.,,,tx1_h5um6iezhlbidtffyszcheadsm,row1_4tvt7ljdjmgglxxl67tvgx5use,message,,src/cumulus/screens/PoolViewerScreen.tsx:247:25,rev1_ff29cb4e505d9511bf49f1b38a85054e8f63d57481c3ef67f8e39e0467d7cd77
,Filter card cost,,missing,Accessible name for the Pool Viewer selector that filters cards by their Energy-cost category.,,,tx1_hquitrgv43hx2dgyykrzozywri,row1_2zce2276azcwffl232whoqhtzi,message,,src/cumulus/screens/PoolViewerScreen.tsx:215:30,rev1_e7e07aeef9e5698549eb61b143c5df4f381d03cc33bdfe84a011369386751eb6
direction.select[2]=otherwise,Sort ascending,,missing,Accessible command name for the compact Pool Viewer sort-direction control. The direction selector is asc for ascending order or desc for descending order.,,,tx1_ilj7wwix2gyuhw6bnjoiimccta,row1_mhemkjxytgyzktpao6sd6hkpv4,message,,src/cumulus/screens/PoolViewerScreen.tsx:190:32,rev1_cf4af31dabb45f42a74c3d02980902c54878b426f54af49921e2cbc79bdab4ef
"direction.select[0]=""desc""",Sort descending,,missing,Accessible command name for the compact Pool Viewer sort-direction control. The direction selector is asc for ascending order or desc for descending order.,,,tx1_ilj7wwix2gyuhw6bnjoiimccta,row1_r35aydz52xftnczfnwfforc6ge,message,,src/cumulus/screens/PoolViewerScreen.tsx:190:32,rev1_c7f5e88e3231aa199d8eefd080e8e64dfd58f18170c5b08f68f1cc85e84f07e8
"direction.select[1]=""asc""",Sort ascending,,missing,Accessible command name for the compact Pool Viewer sort-direction control. The direction selector is asc for ascending order or desc for descending order.,,,tx1_ilj7wwix2gyuhw6bnjoiimccta,row1_clxf62mnoeiycgb5rgwgnz7x3i,message,,src/cumulus/screens/PoolViewerScreen.tsx:190:32,rev1_23feed01402287a3b9789880da83389e80371a9eb4e9283744ad76120030fbcd
card_type.select[3]=otherwise,All,,missing,"Compact visible Pool Viewer card-type filter label. The type selector is a closed product filter enum: all keeps both card types, character keeps Character cards, and event keeps Event cards.",,,tx1_ktqk3puy5mbrsvvkxy77f7kdnu,row1_t4avmfvktrt7alrlofh3vb2dbu,message,,src/cumulus/screens/PoolViewerScreen.tsx:170:28,rev1_529823fdb48427e6e3284c1e30e6f597d04ff147bbc0d991e597c95410e5184b
"card_type.select[0]=""character""",Characters,,missing,"Compact visible Pool Viewer card-type filter label. The type selector is a closed product filter enum: all keeps both card types, character keeps Character cards, and event keeps Event cards.",,,tx1_ktqk3puy5mbrsvvkxy77f7kdnu,row1_o5x3irgadpnv2v3vptv44vvide,message,,src/cumulus/screens/PoolViewerScreen.tsx:170:28,rev1_3295faa3c5bae121f4b1d35d8c340a87f88efe448f6e0ff8e56217fd5f2b6c5d
"card_type.select[1]=""event""",Events,,missing,"Compact visible Pool Viewer card-type filter label. The type selector is a closed product filter enum: all keeps both card types, character keeps Character cards, and event keeps Event cards.",,,tx1_ktqk3puy5mbrsvvkxy77f7kdnu,row1_kqmlts6czm5lcqehxp4omy7yha,message,,src/cumulus/screens/PoolViewerScreen.tsx:170:28,rev1_26b2036ede185cdd306e46ae8bbca5a3f680f688edfe2df744994777561d060c
"card_type.select[2]=""all""",All,,missing,"Compact visible Pool Viewer card-type filter label. The type selector is a closed product filter enum: all keeps both card types, character keeps Character cards, and event keeps Event cards.",,,tx1_ktqk3puy5mbrsvvkxy77f7kdnu,row1_zw7xe5n3owmac3bylvvpibhlwq,message,,src/cumulus/screens/PoolViewerScreen.tsx:170:28,rev1_a49a11543ac1cf7162453c9c6949c00be1c2cfdbd55f5836798db8b788d0dc4c
view.totalCount.plural=other,{visible_count} of {total_count} Cards,,missing,Visible Pool Viewer result-count subtitle. visible_count is the nonnegative safe-integer number remaining after filters and may be smaller than total_count. total_count is the nonnegative safe-integer size of the selected source before filters and governs Card number grammar; both numbers are visible.,,total_count; visible_count,tx1_m6idluenyhv746mbrfu2nt2krq,row1_dmj2ltkllmtfvderj57rhw3aze,message,,src/cumulus/screens/PoolViewerScreen.tsx:307:29,rev1_8df205391d7546493c8efbe4787e9ca91850b1c344c2bcc4564a578ff3498fbb
,Algorithm: {algorithm_id},,missing,Visible Pool Viewer diagnostic summary naming the pool-construction algorithm. algorithm_id is a stable raw internal identifier such as tides4; translators may reorder it but the identifier itself remains unchanged.,,algorithm_id,tx1_narlte7ljcwprj2y3l6cknsmfm,row1_zthuv7om3asjskuuupx7yo2w2e,message,,src/cumulus/screens/PoolViewerScreen.tsx:266:25,rev1_c241ffdda05b19abd96ec1a89fe37639b336217cc9d458d823cb8ee59afe984f
,Filter card subtype,,missing,Accessible name for the Pool Viewer selector that filters Character cards by their authored subtype.,,,tx1_nvpvk5chifrjcjbzvwmf766b3a,row1_lp4jxipmruie4rmm7xybgjdeaq,message,,src/cumulus/screens/PoolViewerScreen.tsx:201:30,rev1_82b797429c686899beb1c2df9733bdf7e092f13fb2fba993eff0b65b92bf2eae
,Close pool viewer,,missing,Accessible command name for the button that closes the Pool Viewer overlay or floating panel.,,,tx1_omndecse7uq4cw4gq5sige2qui,row1_dxj5cgdhwvtygyrkxh7bvbhq2y,message,,src/cumulus/screens/PoolViewerScreen.tsx:315:95,rev1_984f52e11525cc152c382aabdc5d5450d39ff31194411bee9a5f8e21ec600b08
cost_filter.select[7]=otherwise,All costs,,missing,"Compact visible Pool Viewer Energy-cost filter option. Cost is a product enum, not a quantity: 0 through 4 select exact printed costs, 5plus selects five or more, x selects variable cost, and all disables this filter. Source English for the exact-digit states is intentionally preserved as All costs by the immutable migration parity contract.",,,tx1_trv65f54gsjy3mdr522kcvomxq,row1_4eevv2eviepurtbqsdpj7o7rhu,message,,src/cumulus/screens/PoolViewerScreen.tsx:223:30,rev1_82254c3f89fd5726bac9a87556ea947b78ccc6dd73bf5417581cb8e93189c8ab
"cost_filter.select[0]=""cost-0""",All costs,,missing,"Compact visible Pool Viewer Energy-cost filter option. Cost is a product enum, not a quantity: 0 through 4 select exact printed costs, 5plus selects five or more, x selects variable cost, and all disables this filter. Source English for the exact-digit states is intentionally preserved as All costs by the immutable migration parity contract.",,,tx1_trv65f54gsjy3mdr522kcvomxq,row1_ye4uwcrbarvxlditj23ks2b4wq,message,,src/cumulus/screens/PoolViewerScreen.tsx:223:30,rev1_97140f0115937423d3b5ff33945f90a475a3f0b5e907e610f57462d04e7fd699
"cost_filter.select[1]=""cost-1""",All costs,,missing,"Compact visible Pool Viewer Energy-cost filter option. Cost is a product enum, not a quantity: 0 through 4 select exact printed costs, 5plus selects five or more, x selects variable cost, and all disables this filter. Source English for the exact-digit states is intentionally preserved as All costs by the immutable migration parity contract.",,,tx1_trv65f54gsjy3mdr522kcvomxq,row1_33htyqw75dhjyyfpdib6x6en64,message,,src/cumulus/screens/PoolViewerScreen.tsx:223:30,rev1_ff76c34d72515ec7bcc526f63930c66a0f6c2b63e0c34005783102fb14b9c7bd
"cost_filter.select[2]=""cost-2""",All costs,,missing,"Compact visible Pool Viewer Energy-cost filter option. Cost is a product enum, not a quantity: 0 through 4 select exact printed costs, 5plus selects five or more, x selects variable cost, and all disables this filter. Source English for the exact-digit states is intentionally preserved as All costs by the immutable migration parity contract.",,,tx1_trv65f54gsjy3mdr522kcvomxq,row1_7gukom7acroejy5dfiwn5hglf4,message,,src/cumulus/screens/PoolViewerScreen.tsx:223:30,rev1_f75c3f47d0f5a86418bd1a2b1dbe6415f6a888040e45aee40f4240d64914c6f4
"cost_filter.select[3]=""cost-3""",All costs,,missing,"Compact visible Pool Viewer Energy-cost filter option. Cost is a product enum, not a quantity: 0 through 4 select exact printed costs, 5plus selects five or more, x selects variable cost, and all disables this filter. Source English for the exact-digit states is intentionally preserved as All costs by the immutable migration parity contract.",,,tx1_trv65f54gsjy3mdr522kcvomxq,row1_hjet2rogkphtywyv5kwg4p43pu,message,,src/cumulus/screens/PoolViewerScreen.tsx:223:30,rev1_952de0facb949f07ceda8be6365dae7c7eb0e831814f14dfcc2e0f2a85c11c1f
"cost_filter.select[4]=""cost-4""",All costs,,missing,"Compact visible Pool Viewer Energy-cost filter option. Cost is a product enum, not a quantity: 0 through 4 select exact printed costs, 5plus selects five or more, x selects variable cost, and all disables this filter. Source English for the exact-digit states is intentionally preserved as All costs by the immutable migration parity contract.",,,tx1_trv65f54gsjy3mdr522kcvomxq,row1_nkrxgwzw5rtnumars4jmfei4ga,message,,src/cumulus/screens/PoolViewerScreen.tsx:223:30,rev1_5f4781d893ed8923df0c8b4adf77f72b0aba5c78ca8adbeba002cb11d99cdac9
"cost_filter.select[5]=""cost-5plus""",Cost 5+,,missing,"Compact visible Pool Viewer Energy-cost filter option. Cost is a product enum, not a quantity: 0 through 4 select exact printed costs, 5plus selects five or more, x selects variable cost, and all disables this filter. Source English for the exact-digit states is intentionally preserved as All costs by the immutable migration parity contract.",,,tx1_trv65f54gsjy3mdr522kcvomxq,row1_m65jltooyqjwljhd3taxwx3yxi,message,,src/cumulus/screens/PoolViewerScreen.tsx:223:30,rev1_ded40c2f1b4e8a84caaba384c12075617a4ef5ae8d938e61fa16efa7a71a7a95
"cost_filter.select[6]=""cost-x""",Cost X,,missing,"Compact visible Pool Viewer Energy-cost filter option. Cost is a product enum, not a quantity: 0 through 4 select exact printed costs, 5plus selects five or more, x selects variable cost, and all disables this filter. Source English for the exact-digit states is intentionally preserved as All costs by the immutable migration parity contract.",,,tx1_trv65f54gsjy3mdr522kcvomxq,row1_ezh42aypxy2tfw5wqspen6kxpy,message,,src/cumulus/screens/PoolViewerScreen.tsx:223:30,rev1_2cfade49fc7c9033cfd3a92542891e9e135200b237af1dbb633bf77834b4fca4
disclosure.dealSize.plural=other,Built to {deal_size} Cards with a per-card copy cap of {copy_cap}; {facet_drawn_count} of {facet_available_count} theme Tides were drawn.,,missing,Visible Pool Viewer diagnostic sentence describing a Tides-built pool. deal_size is the visible nonnegative safe-integer target pool size and governs Card number grammar. copy_cap is the visible nonnegative per-card maximum. facet_drawn_count and facet_available_count are separate visible nonnegative counts showing selected and available theme Tides; drawn can be zero and cannot exceed available.,,copy_cap; deal_size; facet_available_count; facet_drawn_count,tx1_ubavzvyps7o2i66qllw6p6gylm,row1_56xvgemlh6yaxnrs3tcznqsvwa,message,,src/cumulus/screens/PoolViewerScreen.tsx:278:25,rev1_40f7caf0cdcbecfe8351017401a0a13be8ed1efb68f4c8c47ab37edb6bb2c735
,Sort cards,,missing,Accessible name for the Pool Viewer selector that chooses the card property used for sorting.,,,tx1_vh3jfq47d3qrtsjgzgtuziizii,row1_mb63a62mk4x7rcjdsxp6vs7nxm,message,,src/cumulus/screens/PoolViewerScreen.tsx:324:40,rev1_6d12d05c97d2bee48e3ae6453470935c0ddbc54a21050e709a632fa4f79b0953
,The active run pool is shown with its remaining copies.,,missing,Visible Pool Viewer disclosure sentence explaining that card quantities are the current remaining copies in the active run pool.,,,tx1_wwy4tu7k3u3nrdzfwqzo52g6iy,row1_io4d4ipuzgwmgbv6b4rkx7xxyq,message,,src/cumulus/screens/PoolViewerScreen.tsx:291:25,rev1_8a73859024c58efceb391593af46235299740c7a9c3e7b70284b412c80a45dd8
,Pool construction,,missing,Visible title of the Pool Viewer disclosure identifying the active pool-construction algorithm.,,,tx1_xils7sji7oefe2pdtg3bxqig7u,row1_vlnoio4ncogo7khusbftp447tu,message,,src/cumulus/screens/PoolViewerScreen.tsx:251:25,rev1_f40727a70eaa81646f64c360db52216b62cdddbe5d89ea8d6abd69f2bf2a6434
,Search cards,,missing,Visible label for the Pool Viewer field that searches authored card names and rules text.,,,tx1_yucd3vzpudc3bjxuu6cs5updoq,row1_6243mzi6ojsmmx5y3k3urqmtpe,message,,src/cumulus/screens/PoolViewerScreen.tsx:320:38,rev1_1d0d027c93a144150e7722b75e92de66a7db7f9c26142adeb40a8c9957b35e76
